{
  "course_version" : 1,
  "summary" : "Java Microlearning Series is a collection of short, concept-driven lessons designed to build strong mental models in Java.\n\nEach lesson focuses on a single core concept and is structured as a microlecture followed by practical tasks that gradually increase in depth. The goal is not memorization, but understanding how Java works under the hood.\n\nThis course is ideal for beginners, self-taught developers, and educators who want clear explanations, real code examples, and exercises that reinforce fundamental Java concepts.\n",
  "title" : "Java Microlearning Series",
  "programming_language_id" : "JAVA",
  "language" : "en",
  "course_type" : "Marketplace",
  "vendor" : {
    "name" : "Profleandrojr"
  },
  "items" : [
    {
      "id" : 906187127,
      "title" : "String Immutability",
      "task_list" : [
        {
          "id" : 1633185599,
          "name" : "Theory",
          "files" : {
            "src/Main.java" : {
              "name" : "src/Main.java",
              "placeholders" : [ ],
              "is_visible" : true,
              "is_binary" : false
            }
          },
          "description_text" : "# String Immutability (But… something does change)\n\nIn Java, **Strings are immutable**: once a `String` object is created, its content **never changes**.\n\nSo why does it *look* like we can “change a String”?\n\nBecause what changes is usually the **reference** (the variable), not the **object**.\n\n---\n\n## The mental model\n\n- A **String object** is a value stored somewhere in memory.\n- A **variable** (like `greeting`) is a *reference* that points to an object.\n- Methods like `substring()`, `concat()`, and the `+` operator **create new String objects**.\n- When you assign the result back to the variable, you are making the variable **point to a new object**.\n\n> **Reference change ≠ Object change**\n\n---\n\n## Why Java designed Strings this way\n\nImmutability gives you:\n\n- **Predictability** (no hidden side effects)\n- **Thread-safety** (safe sharing between threads)\n- Better support for **caching** and **string pooling**\n- More secure handling for data like passwords and keys (the object can’t be altered)\n\n---\n\n## What about garbage collection?\n\nAfter you reassign a variable to a new String, the old object may become **unreachable**.\n\nIf there are **no references** pointing to it anymore, it becomes **eligible for garbage collection**.\n\n*(Eligible ≠ collected immediately — the GC decides when.)*\n\n---\n\n## Next\nIn the next tasks, you will:\n1) observe this behavior in code\n2) fix common beginner mistakes\n3) validate your understanding with a short quiz\n\n--- \n\n### 📘 Want to go deeper?\n\nThis microlecture is part of a broader learning experience.\n\nIf you want access to:\n- complementary explanations\n- visual summaries\n- additional exercises\n- discussion and updates for this series\n\n👉 Join the **Google Classroom** for this project:\n\n🔗 https://classroom.google.com/c/NzkyMjk0NjAxNTk0?cjc=c43zrwbo\n\n    Classroom Code (Codecepticons):\n\n        c43zrwbo\n\nParticipation is optional and completely free.",
          "description_format" : "MD",
          "task_type" : "theory"
        },
        {
          "id" : 152282559,
          "name" : "Try It",
          "files" : {
            "src/Main.java" : {
              "name" : "src/Main.java",
              "placeholders" : [ ],
              "is_visible" : true,
              "is_binary" : false
            },
            "test/output.txt" : {
              "name" : "test/output.txt",
              "placeholders" : [ ],
              "is_visible" : false,
              "is_binary" : false
            }
          },
          "description_text" : "## Try It — String Immutability (Output)\n\n**Goal:** Change the program output from  \n`Hello, World`  \nto  \n`Hello... Duke! Not a Dog! But a Codecepticon`\n\n---\n\n### What to do\n1. Run the program and observe the initial output.\n2. Modify the code so the final printed message is exactly:\n\nHello... Duke! Not a Dog! But a Codecepticon\n\n---\n\n### Important rules\n- Do **not** mutate the original `String` object.\n- Use the value returned by `substring()` and string concatenation.\n- The change must happen by **reassigning the reference**.\n- Do **not** print anything other than the final message.\n\n---\n\n### Key idea\nIn Java, `String` objects are immutable.\n\nMethods like `substring()` and the `+` operator **create new String objects**.\nWhat changes is **where the variable points**, not the original object.",
          "description_format" : "MD",
          "task_type" : "output"
        },
        {
          "id" : 2094116323,
          "name" : "Challenge",
          "files" : {
            "src/Main.java" : {
              "name" : "src/Main.java",
              "placeholders" : [ ],
              "is_visible" : true,
              "is_binary" : false
            },
            "test/Tests.java" : {
              "name" : "test/Tests.java",
              "placeholders" : [ ],
              "is_visible" : true,
              "is_binary" : false
            }
          },
          "description_text" : "## Challenge — Immutability in Practice\n\n**Goal:** Fix the code so the final output matches the expected message.\n\nThe program currently tries to change a `String`, but the change does **not** work.\n\n---\n\n### What to do\n- Make the code print:\n\nHello... Duke! Not a Dog! But a Codecepticon!!!\n\n---\n\n### Rules\n- You must respect String immutability.\n- Do **not** change the print statement.\n- Do **not** create a new variable just to store the final message.\n- Use the value returned by String methods correctly.\n\n---\n\n### Hint\nSome `String` methods return a **new object**.  \nIf you ignore the return value, nothing changes.",
          "description_format" : "MD",
          "task_type" : "edu"
        },
        {
          "id" : 238168158,
          "name" : "Exercises",
          "files" : {
            "src/Main.java" : {
              "name" : "src/Main.java",
              "placeholders" : [ ],
              "is_visible" : true,
              "is_binary" : false
            },
            "test/Tests.java" : {
              "name" : "test/Tests.java",
              "placeholders" : [ ],
              "is_visible" : false,
              "is_binary" : false
            }
          },
          "description_text" : "## Exercises\n\nAnswer the questions by assigning the correct option text to each `answer` variable.\n\nUse **exactly one of the provided options** for each question.\n\n---\n\n### Question 1\nWhat happens when a String in Java loses all references?\n\n**Options:**\n\nA) \"The String object is immediately destroyed by the JVM.\"\n\nB) \"The String object becomes eligible for garbage collection.\n\nC) \"The String object is modified in place.\"\n\nD) \"The String object is moved to the String Pool.\"\n\n---\n\n### Question 2\nWhy does the following code not change the value of `greeting`?\n\n```java\ngreeting.concat(\"!!!\");\n``` \n\n**Options:**\n\nA) \"concat() works only with StringBuilder.\"\n\nB) \"Strings are immutable and concat() returns a new String.\"\n\nC) \"Printing is required for concat() to work.\"\n\nD) \"Local variables cannot be reassigned.\"\n\n---\n\n### Question 3\n\nWhat actually changes when we write:\n```java\ngreeting = greeting.substring(0, n);\n```\n\n**Options:**\n\nA) \"The original String object is modified.\"\n\nB) \"The JVM replaces the String in the String Pool.\"\n\nC) \"The variable now references a new String object.\"\n\nD) \"The memory address of the original object changes.\"\n\n---\n\n## Rules\n\nUse only the provided options.\n\nDo NOT change the print statements.\n\nYour answers must match the chosen option text exactly.",
          "description_format" : "MD",
          "task_type" : "edu"
        }
      ],
      "type" : "lesson"
    }
  ],
  "id" : 30058,
  "generated_edu_id" : "Java Microlearning Series_Profleandrojr_JAVA",
  "additional_files" : [
    {
      "name" : "build.gradle",
      "is_visible" : false,
      "is_binary" : false
    },
    {
      "name" : "settings.gradle",
      "is_visible" : false,
      "is_binary" : false
    },
    {
      "name" : "gradle/wrapper/gradle-wrapper.properties",
      "is_visible" : false,
      "is_binary" : false
    }
  ],
  "version" : 22,
  "environment_settings" : {
    "jvm_language_level" : "JDK_17"
  },
  "edu_plugin_version" : "2026.1-2025.3-509"
}